9001;1774561877.958486;pull_request_received;9000
9007;1774561877.961706;pull_request_received;9001
9009;1774561878.070026;pull_request_received;9002
9002;1774561878.1894798;pull_request_received;9003
9011;1774561878.3011909;pull_request_received;9004
9006;1774561878.5151842;pull_request_received;9005
9015;1774561878.596812;pull_request_received;9007
9005;1774561878.598664;pull_request_received;9006
9009;1774561878.694829;pull_request_received;9008
9017;1774561878.818006;pull_request_received;9009
9017;1774561878.9110432;pull_request_received;9010
9005;1774561879.018851;pull_request_received;9011
9019;1774561879.129118;pull_request_received;9012
9012;1774561879.236317;pull_request_received;9013
9007;1774561879.346613;pull_request_received;9014
9007;1774561879.464289;pull_request_received;9015
9022;1774561879.590605;pull_request_received;9016
9016;1774561879.665334;pull_request_received;9017
9010;1774561879.775983;pull_request_received;9018
9012;1774561879.884704;pull_request_received;9019
9019;1774561879.996356;pull_request_received;9020
9028;1774561880.09862;pull_request_received;9021
9021;1774561880.197012;pull_request_received;9022
9016;1774561880.314233;pull_request_received;9023
9023;1774561880.422774;pull_request_received;9024
9024;1774561880.539101;pull_request_received;9025
9027;1774561880.673274;pull_request_received;9026
9034;1774561880.788446;pull_request_received;9027
9021;1774561880.867326;pull_request_received;9028
9021;1774561880.982111;pull_request_received;9029
9022;1774561881.094902;pull_request_received;9030
9023;1774561881.1739662;pull_request_received;9031
9024;1774561881.275761;pull_request_received;9032
9025;1774561881.3815382;pull_request_received;9033
9027;1774561881.49415;pull_request_received;9034
9043;1774561881.5972931;pull_request_received;9035
9030;1774561881.712998;pull_request_received;9036
9018;1774561881.7725801;fire_ignition;9018
9036;1774561881.810956;pull_request_received;9037
9045;1774561881.919055;pull_request_received;9038
9040;1774561882.032198;pull_request_received;9039
9033;1774561882.1349561;pull_request_received;9040
9040;1774561882.244298;pull_request_received;9041
9043;1774561882.378442;pull_request_received;9042
9044;1774561882.484334;pull_request_received;9043
9043;1774561882.5844538;pull_request_received;9044
9044;1774561882.694718;pull_request_received;9045
9047;1774561882.7756622;pull_request_received;9046
9040;1774561882.885741;pull_request_received;9047
9041;1774561882.983606;pull_request_received;9048
9007;1774561883.071459;pull_request_received;9000
9000;1774561883.0797482;pull_request_received;9001
9008;1774561883.184105;pull_request_received;9002
9009;1774561883.301881;pull_request_received;9003
9005;1774561883.412985;pull_request_received;9004
9012;1774561883.630544;pull_request_received;9005
9012;1774561883.704264;pull_request_received;9006
9015;1774561883.722474;pull_request_received;9007
9007;1774561883.808249;pull_request_received;9008
9003;1774561883.931784;pull_request_received;9009
9004;1774561884.026717;pull_request_received;9010
9012;1774561884.1346738;pull_request_received;9011
9006;1774561884.242765;pull_request_received;9012
9012;1774561884.3484402;pull_request_received;9013
9015;1774561884.458665;pull_request_received;9014
9014;1774561884.573673;pull_request_received;9015
9022;1774561884.7156491;pull_request_received;9016
9018;1774561884.7748458;pull_request_received;9017
9024;1774561884.890615;pull_request_received;9018
9012;1774561884.9976661;pull_request_received;9019
9012;1774561885.11294;pull_request_received;9020
9022;1774561885.2741241;pull_request_received;9021
9021;1774561885.308971;pull_request_received;9022
9030;1774561885.43582;pull_request_received;9023
9031;1774561885.5321548;pull_request_received;9024
9018;1774561885.646335;pull_request_received;9025
9034;1774561885.788415;pull_request_received;9026
9034;1774561885.8958652;pull_request_received;9027
9021;1774561885.978701;pull_request_received;9028
9035;1774561886.096589;pull_request_received;9029
9029;1774561886.2099829;pull_request_received;9030
9032;1774561886.2837498;pull_request_received;9031
9038;1774561886.39452;pull_request_received;9032
9034;1774561886.492776;pull_request_received;9033
9033;1774561886.6086762;pull_request_received;9034
9028;1774561886.712739;pull_request_received;9035
9018;1774561886.7958882;state_change;DESTROYED=True
9030;1774561886.824233;pull_request_received;9036
9030;1774561886.920147;pull_request_received;9037
9017;1774561886.923396;fire_spread_received;9018
9046;1774561887.039614;pull_request_received;9038
9019;1774561887.041023;fire_spread_received;9018
9046;1774561887.166097;pull_request_received;9039
9011;1774561887.1750789;fire_spread_received;9018
9048;1774561887.273294;pull_request_received;9040
9010;1774561887.2847638;fire_spread_received;9018
9048;1774561887.353823;pull_request_received;9041
9025;1774561887.3951092;fire_spread_received;9018
9035;1774561887.488238;pull_request_received;9042
9024;1774561887.505095;fire_spread_received;9018
9042;1774561887.596661;pull_request_received;9043
9045;1774561887.696341;pull_request_received;9044
9046;1774561887.8065941;pull_request_received;9045
9039;1774561887.8907871;pull_request_received;9046
9048;1774561887.996268;pull_request_received;9047
9047;1774561888.091497;pull_request_received;9048
9007;1774561888.185718;pull_request_received;9000
9008;1774561888.191318;pull_request_received;9001
9003;1774561888.292982;pull_request_received;9002
9010;1774561888.413599;pull_request_received;9003
9011;1774561888.526399;pull_request_received;9004
9004;1774561888.745621;pull_request_received;9005
9013;1774561888.820557;pull_request_received;9006
9014;1774561888.8390121;pull_request_received;9007
9007;1774561888.9212759;pull_request_received;9008
9016;1774561889.047528;pull_request_received;9009
9009;1774561889.1407151;pull_request_received;9010
9004;1774561889.248223;pull_request_received;9011
9005;1774561889.356709;pull_request_received;9012
9012;1774561889.460945;pull_request_received;9013
9007;1774561889.563336;pull_request_received;9014
9014;1774561889.687138;pull_request_received;9015
9017;1774561889.831536;pull_request_received;9016
9023;1774561889.886816;pull_request_received;9017
9024;1774561890.012195;pull_request_received;9018
9012;1774561890.1395671;pull_request_received;9019
9019;1774561890.2258172;pull_request_received;9020
9028;1774561890.40497;pull_request_received;9021
9029;1774561890.424769;pull_request_received;9022
9016;1774561890.552616;pull_request_received;9023
9024;1774561890.758647;pull_request_received;9025
9020;1774561890.900736;pull_request_received;9026
9020;1774561891.010247;pull_request_received;9027
9035;1774561891.085161;pull_request_received;9028
9035;1774561891.2068212;pull_request_received;9029
9022;1774561891.32739;pull_request_received;9030
9037;1774561891.402433;pull_request_received;9031
9039;1774561891.512047;pull_request_received;9032
9025;1774561891.608181;pull_request_received;9033
9041;1774561891.722332;pull_request_received;9034
9036;1774561891.8272882;pull_request_received;9035
9044;1774561891.944715;pull_request_received;9036
9017;1774561892.012511;state_change;DESTROYED=True
9045;1774561892.047424;pull_request_received;9037
9016;1774561892.118473;fire_spread_received;9017
9046;1774561892.155616;pull_request_received;9038
9033;1774561892.277892;pull_request_received;9039
9041;1774561892.384254;pull_request_received;9040
9009;1774561892.446867;fire_spread_received;9017
9040;1774561892.4677;pull_request_received;9041
9010;1774561892.507088;state_change;DESTROYED=True
9035;1774561892.599057;pull_request_received;9042
9023;1774561892.668781;fire_spread_received;9017
9044;1774561892.706771;pull_request_received;9043
9037;1774561892.806859;pull_request_received;9044
9004;1774561892.8348958;fire_spread_received;9010
9019;1774561892.88923;state_change;DESTROYED=True
9011;1774561892.918792;state_change;DESTROYED=True
9046;1774561892.920022;pull_request_received;9045
9003;1774561892.946759;fire_spread_received;9010
9025;1774561892.977613;state_change;DESTROYED=True
9038;1774561893.002468;pull_request_received;9046
9020;1774561893.104494;fire_spread_received;9019
9039;1774561893.1054888;pull_request_received;9047
9012;1774561893.1352909;fire_spread_received;9011
9026;1774561893.1929522;fire_spread_received;9025
9047;1774561893.20018;pull_request_received;9048
9005;1774561893.2532082;fire_spread_received;9011
9001;1774561893.2961102;pull_request_received;9000
9002;1774561893.302681;pull_request_received;9001
9009;1774561893.404386;pull_request_received;9002
9024;1774561893.4943502;state_change;DESTROYED=True
9033;1774561893.5118349;fire_spread_received;9025
9032;1774561893.614829;fire_spread_received;9025
9004;1774561893.861275;pull_request_received;9005
9013;1774561893.9346719;pull_request_received;9006
9014;1774561893.963317;pull_request_received;9007
9002;1774561894.03449;pull_request_received;9008
9031;1774561894.141765;fire_spread_received;9024
9003;1774561894.259573;pull_request_received;9010
9012;1774561894.362257;pull_request_received;9011
9020;1774561894.571576;pull_request_received;9013
9015;1774561894.6799219;pull_request_received;9014
9008;1774561894.798656;pull_request_received;9015
9015;1774561894.947263;pull_request_received;9016
9026;1774561895.256363;pull_request_received;9019
9027;1774561895.339492;pull_request_received;9020
9029;1774561895.519209;pull_request_received;9021
9023;1774561895.541836;pull_request_received;9022
9032;1774561895.8756402;pull_request_received;9025
9034;1774561896.012492;pull_request_received;9026
9020;1774561896.123024;pull_request_received;9027
9035;1774561896.19552;pull_request_received;9028
9036;1774561896.314742;pull_request_received;9029
9029;1774561896.438643;pull_request_received;9030
9032;1774561896.5126421;pull_request_received;9031
9039;1774561896.722668;pull_request_received;9033
9026;1774561896.836364;pull_request_received;9034
9042;1774561896.9503949;pull_request_received;9035
9043;1774561897.061318;pull_request_received;9036
9038;1774561897.163717;pull_request_received;9037
9045;1774561897.265176;pull_request_received;9038
9040;1774561897.390058;pull_request_received;9039
9048;1774561897.493574;pull_request_received;9040
9034;1774561897.577268;pull_request_received;9041
9035;1774561897.709305;pull_request_received;9042
9044;1774561897.8173912;pull_request_received;9043
9043;1774561897.917601;pull_request_received;9044
9016;1774561897.924052;state_change;DESTROYED=True
9044;1774561898.025648;pull_request_received;9045
9015;1774561898.036302;fire_spread_received;9016
9039;1774561898.111746;pull_request_received;9046
9009;1774561898.132264;fire_survived;9009
9023;1774561898.146522;state_change;DESTROYED=True
9004;1774561898.204031;state_change;DESTROYED=True
9040;1774561898.2128692;pull_request_received;9047
9022;1774561898.253471;fire_spread_received;9023
9009;1774561898.265116;fire_spread_received;9016
9047;1774561898.315417;pull_request_received;9048
9026;1774561898.31619;state_change;DESTROYED=True
9008;1774561898.380259;fire_spread_received;9016
9001;1774561898.406223;pull_request_received;9000
9007;1774561898.411936;pull_request_received;9001
9008;1774561898.514395;pull_request_received;9002
9027;1774561898.526298;fire_spread_received;9026
9020;1774561898.5555022;fire_survived;9020
9003;1774561898.560871;state_change;DESTROYED=True
9012;1774561898.566873;state_change;DESTROYED=True
9009;1774561898.629997;pull_request_received;9003
9020;1774561898.636495;fire_spread_received;9026
9002;1774561898.662855;fire_spread_received;9003
9032;1774561898.669759;state_change;DESTROYED=True
9013;1774561898.7788439;fire_spread_received;9012
9030;1774561898.784516;fire_spread_received;9023
9034;1774561898.854694;fire_spread_received;9026
9006;1774561898.886645;fire_spread_received;9012
9005;1774561898.9578612;state_change;DESTROYED=True
9000;1774561899.078977;pull_request_received;9007
9001;1774561899.145165;pull_request_received;9008
9039;1774561899.204865;fire_spread_received;9032
9033;1774561899.235967;state_change;DESTROYED=True
9002;1774561899.277193;pull_request_received;9009
9038;1774561899.327156;fire_spread_received;9032
9013;1774561899.587042;pull_request_received;9012
9020;1774561899.6859908;pull_request_received;9013
9007;1774561899.789303;pull_request_received;9014
9040;1774561899.8451772;fire_spread_received;9033
9031;1774561899.912658;state_change;DESTROYED=True
9014;1774561899.9146292;pull_request_received;9015
9009;1774561900.1238558;pull_request_received;9017
9013;1774561900.4505532;pull_request_received;9020
9037;1774561900.573772;fire_spread_received;9031
9015;1774561900.630347;pull_request_received;9021
9030;1774561900.659151;pull_request_received;9022
9034;1774561901.130185;pull_request_received;9026
9034;1774561901.236436;pull_request_received;9027
9035;1774561901.309834;pull_request_received;9028
9021;1774561901.430283;pull_request_received;9029
9036;1774561901.551574;pull_request_received;9030
9038;1774561901.743864;pull_request_received;9032
9042;1774561902.062326;pull_request_received;9035
9035;1774561902.173085;pull_request_received;9036
9038;1774561902.274125;pull_request_received;9037
9048;1774561902.609946;pull_request_received;9040
9034;1774561902.688973;pull_request_received;9041
9043;1774561902.818037;pull_request_received;9042
9042;1774561902.92764;pull_request_received;9043
9036;1774561903.026864;pull_request_received;9044
9038;1774561903.131685;pull_request_received;9045
9045;1774561903.224839;pull_request_received;9046
9048;1774561903.3266392;pull_request_received;9047
9022;1774561903.3294249;fire_survived;9022
9041;1774561903.428065;pull_request_received;9048
9001;1774561903.5194361;pull_request_received;9000
9008;1774561903.5240378;pull_request_received;9001
9001;1774561903.628448;pull_request_received;9002
9002;1774561903.746994;pull_request_received;9003
9015;1774561903.908274;state_change;DESTROYED=True
9027;1774561904.010289;state_change;DESTROYED=True
9034;1774561904.017149;state_change;DESTROYED=True
9014;1774561904.025602;fire_spread_received;9015
9013;1774561904.105995;state_change;DESTROYED=True
9014;1774561904.189919;pull_request_received;9007
9008;1774561904.2894878;state_change;DESTROYED=True
9009;1774561904.2895648;state_change;SURVEYING=True
9007;1774561904.385537;fire_spread_received;9015
9002;1774561904.3977659;pull_request_received;9009
9038;1774561904.4846451;state_change;DESTROYED=True
9022;1774561904.4982688;fire_spread_received;9015
9041;1774561904.516577;fire_spread_received;9034
9002;1774561904.5543108;fire_survived;9002
9021;1774561904.606266;fire_spread_received;9015
9002;1774561904.610583;fire_spread_received;9008
9020;1774561904.6981802;pull_request_received;9012
9030;1774561904.712542;state_change;DESTROYED=True
9001;1774561904.718739;fire_spread_received;9008
9006;1774561904.72283;state_change;DESTROYED=True
9002;1774561904.808116;state_change;ALARMED=True
9029;1774561904.827893;fire_spread_received;9030
9007;1774561904.902955;pull_request_received;9014
9001;1774561904.913655;alarm_wave_received;419c03f6:delta=0.6238s
9001;1774561904.9138129;alarm_wave_received;419c03f6;from=9002
9000;1774561905.0208251;alarm_wave_received;419c03f6:delta=0.7309s
9000;1774561905.0210319;alarm_wave_received;419c03f6;from=9001
9007;1774561905.025023;pull_request_received;9015
9046;1774561905.03137;fire_spread_received;9038
9045;1774561905.141181;fire_spread_received;9038
9039;1774561905.207137;fire_survived;9039
9007;1774561905.239558;alarm_wave_received;419c03f6:delta=0.9497s
9007;1774561905.2397819;alarm_wave_received;419c03f6;from=9000
9036;1774561905.375488;fire_spread_received;9030
9040;1774561905.457046;state_change;DESTROYED=True
9020;1774561905.4575171;state_change;SURVEYING=True
9020;1774561905.481361;pull_request_received;9019
9039;1774561905.568297;fire_spread_received;9040
9037;1774561905.605691;state_change;DESTROYED=True
9029;1774561905.743768;pull_request_received;9021
9021;1774561905.768641;pull_request_received;9022
9014;1774561905.769286;alarm_wave_received;419c03f6:delta=1.4794s
9014;1774561905.769429;alarm_wave_received;419c03f6;from=9007
9048;1774561906.008657;fire_spread_received;9040
9021;1774561906.099798;alarm_wave_received;419c03f6:delta=1.8098s
9021;1774561906.1002398;alarm_wave_received;419c03f6;from=9014
9047;1774561906.125204;fire_spread_received;9040
9022;1774561906.207792;alarm_wave_received;419c03f6:delta=1.918s
9022;1774561906.2079911;alarm_wave_received;419c03f6;from=9021
9044;1774561906.261803;fire_spread_received;9037
9021;1774561906.424709;pull_request_received;9028
9029;1774561906.5274408;alarm_wave_received;419c03f6:delta=2.2376s
9029;1774561906.527618;alarm_wave_received;419c03f6;from=9021
9028;1774561906.539635;pull_request_received;9029
9028;1774561906.635864;alarm_wave_received;419c03f6:delta=2.3457s
9028;1774561906.636023;alarm_wave_received;419c03f6;from=9021
9035;1774561906.9580271;alarm_wave_received;419c03f6:delta=2.6681s
9035;1774561906.958174;alarm_wave_received;419c03f6;from=9028
9036;1774561907.062345;alarm_wave_received;419c03f6:delta=2.7725s
9036;1774561907.062492;alarm_wave_received;419c03f6;from=9029
9028;1774561907.176429;pull_request_received;9035
9036;1774561907.3808708;pull_request_received;9037
9043;1774561907.480659;alarm_wave_received;419c03f6:delta=3.1906s
9043;1774561907.480992;alarm_wave_received;419c03f6;from=9035
9046;1774561907.490062;pull_request_received;9038
9042;1774561907.624681;alarm_wave_received;419c03f6:delta=3.3214s
9042;1774561907.625412;alarm_wave_received;419c03f6;from=9035
9039;1774561907.732387;pull_request_received;9040
9044;1774561907.825245;alarm_wave_received;419c03f6:delta=3.5354s
9044;1774561907.825331;alarm_wave_received;419c03f6;from=9036
9043;1774561907.9316921;pull_request_received;9042
9036;1774561908.04258;pull_request_received;9043
9045;1774561908.170464;alarm_wave_received;419c03f6:delta=3.8806s
9045;1774561908.170607;alarm_wave_received;419c03f6;from=9044
9044;1774561908.240458;pull_request_received;9045
9047;1774561908.334286;pull_request_received;9046
9048;1774561908.440604;pull_request_received;9047
9047;1774561908.5434911;pull_request_received;9048
9001;1774561908.636032;pull_request_received;9000
9000;1774561908.636035;pull_request_received;9001
9000;1774561909.305168;pull_request_received;9007
9001;1774561909.374963;pull_request_received;9008
9014;1774561909.464949;state_change;DESTROYED=True
9021;1774561909.878919;fire_survived;9021
9021;1774561909.913892;fire_spread_received;9014
9021;1774561910.019546;pull_request_received;9014
9007;1774561910.064616;fire_survived;9007
9001;1774561910.075404;state_change;DESTROYED=True
9021;1774561910.1410491;pull_request_received;9015
9000;1774561910.17951;fire_spread_received;9001
9046;1774561910.335144;fire_survived;9046
9009;1774561910.361781;pull_request_received;9017
9041;1774561910.476207;state_change;DESTROYED=True
9007;1774561910.501301;fire_spread_received;9001
9020;1774561910.60116;pull_request_received;9019
9022;1774561910.776672;state_change;SURVEYING=True
9029;1774561910.79004;state_change;DESTROYED=True
9028;1774561910.8963761;fire_spread_received;9029
9021;1774561910.909696;state_change;ALARMED=True
9036;1774561911.092798;state_change;DESTROYED=True
9045;1774561911.134069;fire_survived;9045
9035;1774561911.202095;fire_spread_received;9036
9044;1774561911.41243;fire_survived;9044
9028;1774561911.4500108;alarm_wave_received;c53799b3:delta=0.6729s
9028;1774561911.450523;alarm_wave_received;c53799b3;from=9021
9048;1774561911.456047;state_change;DESTROYED=True
9035;1774561911.539348;pull_request_received;9028
9035;1774561911.6468632;pull_request_received;9029
9044;1774561911.664093;fire_spread_received;9036
9035;1774561911.768987;alarm_wave_received;c53799b3:delta=0.992s
9035;1774561911.769113;alarm_wave_received;c53799b3;from=9028
9022;1774561911.791689;pull_request_received;9030
9043;1774561911.805321;fire_spread_received;9036
9047;1774561912.013636;state_change;DESTROYED=True
9046;1774561912.124091;fire_spread_received;9047
9028;1774561912.286286;pull_request_received;9035
9035;1774561912.39344;pull_request_received;9036
9043;1774561912.479605;alarm_wave_received;c53799b3:delta=1.7026s
9043;1774561912.479755;alarm_wave_received;c53799b3;from=9035
9042;1774561912.5854132;alarm_wave_received;c53799b3:delta=1.8084s
9042;1774561912.5855849;alarm_wave_received;c53799b3;from=9035
9045;1774561912.6253178;pull_request_received;9038
9039;1774561912.6460538;state_change;SURVEYING=True
9046;1774561912.753537;pull_request_received;9039
9043;1774561913.045964;pull_request_received;9042
9044;1774561913.0515032;alarm_wave_received;c53799b3:delta=2.2745s
9044;1774561913.05166;alarm_wave_received;c53799b3;from=9043
9042;1774561913.156085;pull_request_received;9043
9043;1774561913.251064;pull_request_received;9044
9045;1774561913.263507;alarm_wave_received;c53799b3:delta=2.4865s
9045;1774561913.263653;alarm_wave_received;c53799b3;from=9044
9046;1774561913.286407;state_change;ALARMED=True
9046;1774561913.35081;pull_request_received;9045
9045;1774561913.393655;alarm_wave_received;dab0f9d0:delta=0.7473s
9045;1774561913.3938181;alarm_wave_received;dab0f9d0;from=9046
9045;1774561913.4480488;pull_request_received;9046
9002;1774561913.749388;state_change;SURVEYING=True
9007;1774561913.7509289;pull_request_received;9000
9044;1774561913.795975;alarm_wave_received;dab0f9d0:delta=1.1497s
9044;1774561913.796205;alarm_wave_received;dab0f9d0;from=9045
9009;1774561913.857488;pull_request_received;9002
9043;1774561913.899223;alarm_wave_received;dab0f9d0:delta=1.2529s
9043;1774561913.899403;alarm_wave_received;dab0f9d0;from=9044
9002;1774561913.976209;pull_request_received;9003
9042;1774561914.006481;alarm_wave_received;dab0f9d0:delta=1.3602s
9042;1774561914.006658;alarm_wave_received;dab0f9d0;from=9043
9035;1774561914.221067;alarm_wave_received;dab0f9d0:delta=1.5747s
9035;1774561914.2213278;alarm_wave_received;dab0f9d0;from=9042
9007;1774561914.316693;state_change;SURVEYING=True
9002;1774561914.48913;pull_request_received;9008
9028;1774561914.5394402;alarm_wave_received;dab0f9d0:delta=1.8932s
9028;1774561914.5395598;alarm_wave_received;dab0f9d0;from=9035
9000;1774561914.639703;state_change;ALARMED=True
9007;1774561915.257202;pull_request_received;9015
9000;1774561915.747951;fire_survived;9000
9021;1774561915.8669739;state_change;SURVEYING=True
9028;1774561915.97227;state_change;DESTROYED=True
9021;1774561916.0096772;pull_request_received;9022
9022;1774561916.119796;pull_request_received;9023
9035;1774561916.327602;fire_survived;9035
9035;1774561916.4274108;fire_spread_received;9028
9021;1774561916.764927;pull_request_received;9029
9039;1774561917.0917;pull_request_received;9032
9043;1774561917.405945;pull_request_received;9035
9043;1774561917.631121;state_change;DESTROYED=True
9045;1774561917.633824;pull_request_received;9037
9045;1774561917.748495;pull_request_received;9038
9042;1774561917.972023;fire_spread_received;9043
9039;1774561917.9734871;pull_request_received;9040
9035;1774561918.15346;pull_request_received;9042
9044;1774561918.258583;state_change;SURVEYING=True
9044;1774561918.268357;pull_request_received;9043
9045;1774561918.3623;state_change;SURVEYING=True
9046;1774561918.458762;state_change;SURVEYING=True
9039;1774561918.5640152;pull_request_received;9046
9000;1774561918.8660228;pull_request_received;9001
9007;1774561918.8669581;pull_request_received;9000
9002;1774561919.5971358;pull_request_received;9008
9020;1774561920.146385;pull_request_received;9013
9022;1774561920.520587;pull_request_received;9016
9035;1774561921.767659;pull_request_received;9028
9035;1774561921.883799;pull_request_received;9029
9035;1774561922.4254642;state_change;SURVEYING=True
9042;1774561922.9648929;state_change;ALARMED=True
9046;1774561923.019003;pull_request_received;9039
9035;1774561923.380662;pull_request_received;9043
9000;1774561923.8775198;state_change;SURVEYING=True
9042;1774561923.894165;state_change;DESTROYED=True
9000;1774561923.988672;pull_request_received;9001
9009;1774561924.204149;pull_request_received;9003
9000;1774561924.65897;pull_request_received;9007
9021;1774561925.376472;pull_request_received;9014
9022;1774561925.4930859;pull_request_received;9015
9009;1774561925.637086;pull_request_received;9016
9020;1774561926.826932;pull_request_received;9027
9035;1774561926.887439;pull_request_received;9028
9039;1774561927.3292532;pull_request_received;9032
9044;1774561927.755751;pull_request_received;9036
9045;1774561927.870492;pull_request_received;9037
9039;1774561927.988369;pull_request_received;9038
9035;1774561928.508932;pull_request_received;9043
9045;1774561928.6194072;pull_request_received;9044
9039;1774561928.8087711;pull_request_received;9046
9000;1774561929.1142411;pull_request_received;9001
9002;1774561929.8315022;pull_request_received;9008
9020;1774561930.397166;pull_request_received;9013
9021;1774561930.500185;pull_request_received;9014
9020;1774561931.078859;pull_request_received;9019
9022;1774561931.346615;pull_request_received;9021
9020;1774561931.947816;pull_request_received;9027
9021;1774561932.007326;pull_request_received;9028
9035;1774561932.122547;pull_request_received;9029
9046;1774561933.2703319;pull_request_received;9039
9045;1774561933.7379048;state_change;SURVEYING=True
9045;1774561933.938496;pull_request_received;9046
9002;1774561934.4528809;pull_request_received;9003
9002;1774561934.952299;pull_request_received;9008
9002;1774561935.175544;pull_request_received;9009
9020;1774561935.5141382;pull_request_received;9013
9009;1774561935.862494;pull_request_received;9016
9021;1774561937.244192;pull_request_received;9029
9035;1774561937.989095;pull_request_received;9036
9039;1774561938.2179441;pull_request_received;9038
9035;1774561938.611062;pull_request_received;9042
9044;1774561938.739428;pull_request_received;9043
9039;1774561939.138243;pull_request_received;9047
9000;1774561939.2420218;state_change;SURVEYING=True
9007;1774561939.348843;pull_request_received;9001
9007;1774561939.350966;pull_request_received;9000
9009;1774561939.585216;pull_request_received;9003
9020;1774561940.64055;pull_request_received;9013
9021;1774561940.740064;pull_request_received;9014
9021;1774561940.844547;pull_request_received;9015
9009;1774561940.9862661;pull_request_received;9016
9035;1774561942.366724;pull_request_received;9029
